{
	"format_version": "1.8.0",
	"animations": {
		"idle": {
			"loop": true,
			"animation_length": 0.8,
			"bones": {
				"weiduan": {
					"rotation": {
						"0.0": [0, 13, 0],
						"0.4": [0, -11, 0],
						"0.8": [0, 13, 0]
					}
				},
				"jiushengquan": {
					"position": [0, 0.45714, 0],
					"scale": 0
				},
				"qianbu": {
					"rotation": {
						"0.0": [0, 5, 0],
						"0.1": [0, 2.57275, 0],
						"0.2": [0, -1.63454, 0],
						"0.3": [0, -5.57918, 0],
						"0.4": [0, -7.5, 0],
						"0.5": [0, -5.47759, 0],
						"0.6": [0, -1.54127, 0],
						"0.7": [0, 2.6137, 0],
						"0.8": [0, 5, 0]
					}
				},
				"houbu": {
					"rotation": {
						"0.0": [0, 5, 0],
						"0.1": [0, 3.36138, 0],
						"0.2": [0, -1.37045, 0],
						"0.3": [0, -5.7228, 0],
						"0.4": [0, -7.5, 0],
						"0.5": [0, -5.84388, 0],
						"0.6": [0, -1.55896, 0],
						"0.7": [0, 3.2481, 0],
						"0.8": [0, 5, 0]
					}
				}
			}
		},
		"xuanzhuan": {
			"loop": true,
			"animation_length": 2.5,
			"bones": {
				"root": {
					"rotation": {
						"0.0": [0, 0, 0],
						"0.25": [0, -90, 0],
						"0.5": [0, -180, 0],
						"0.75": [0, -270, 0],
						"1.0": [0, -360, 0],
						"1.25": [0, -450, 0],
						"1.5": [0, -540, 0],
						"1.75": [0, -630, 0],
						"2.0": [0, -720, 0],
						"2.5": [0, -720, 0]
					},
					"position": {
						"0.0": [0, 0, 0],
						"0.25": [0, 1, 0],
						"0.5": [0, -1.11, 0],
						"0.75": [0, 1.03, 0],
						"1.0": [0, -1.12, 0],
						"1.25": [0, 1.07, 0],
						"1.5": [0, -1.14, 0],
						"1.75": [0, 1.43, 0],
						"2.0": [0, 0, 0],
						"2.5": [0, 0, 0]
					}
				},
				"jiushengquan": {
					"scale": 0
				}
			}
		},
		"walk": {
			"loop": true,
			"animation_length": 0.8,
			"bones": {
				"weiduan": {
					"rotation": {
						"0.0": [0, 13, 0],
						"0.4": [0, -11, 0],
						"0.8": [0, 13, 0]
					}
				},
				"jiushengquan": {
					"position": [0, 0.45714, 0],
					"scale": 0
				},
				"qianbu": {
					"rotation": {
						"0.0": [0, 5, 0],
						"0.1": [0, 2.57275, 0],
						"0.2": [0, -1.63454, 0],
						"0.3": [0, -5.57918, 0],
						"0.4": [0, -7.5, 0],
						"0.5": [0, -5.47759, 0],
						"0.6": [0, -1.54127, 0],
						"0.7": [0, 2.6137, 0],
						"0.8": [0, 5, 0]
					}
				},
				"houbu": {
					"rotation": {
						"0.0": [0, 5, 0],
						"0.1": [0, 3.36138, 0],
						"0.2": [0, -1.37045, 0],
						"0.3": [0, -5.7228, 0],
						"0.4": [0, -7.5, 0],
						"0.5": [0, -5.84388, 0],
						"0.6": [0, -1.55896, 0],
						"0.7": [0, 3.2481, 0],
						"0.8": [0, 5, 0]
					}
				}
			}
		},
		"run": {
			"loop": true,
			"animation_length": 0.8,
			"bones": {
				"weiduan": {
					"rotation": {
						"0.0": [0, 13, 0],
						"0.4": [0, -11, 0],
						"0.8": [0, 13, 0]
					}
				},
				"jiushengquan": {
					"position": [0, 0.45714, 0],
					"scale": 0
				},
				"qianbu": {
					"rotation": {
						"0.0": [0, 5, 0],
						"0.1": [0, 2.57275, 0],
						"0.2": [0, -1.63454, 0],
						"0.3": [0, -5.57918, 0],
						"0.4": [0, -7.5, 0],
						"0.5": [0, -5.47759, 0],
						"0.6": [0, -1.54127, 0],
						"0.7": [0, 2.6137, 0],
						"0.8": [0, 5, 0]
					}
				},
				"houbu": {
					"rotation": {
						"0.0": [0, 5, 0],
						"0.1": [0, 3.36138, 0],
						"0.2": [0, -1.37045, 0],
						"0.3": [0, -5.7228, 0],
						"0.4": [0, -7.5, 0],
						"0.5": [0, -5.84388, 0],
						"0.6": [0, -1.55896, 0],
						"0.7": [0, 3.2481, 0],
						"0.8": [0, 5, 0]
					}
				}
			}
		},
		"elytra_fly": {
			"loop": true,
			"animation_length": 0.5,
			"bones": {
				"root": {
					"rotation": {
						"0.0": [0, 0, 0],
						"0.125": [0, 0, 90],
						"0.25": [0, 0, 180],
						"0.375": [0, 0, 270],
						"0.5": [0, 0, 360]
					}
				},
				"weiduan": {
					"rotation": [0, 0, 90],
					"position": [0, -0.13571, -3.88571],
					"scale": [1, 4.72571, 1.8]
				},
				"jiushengquan": {
					"scale": 0
				}
			}
		},
		"swim": {
			"loop": true,
			"animation_length": 0.8,
			"bones": {
				"root": {
					"rotation": [-40.25, 0, 0],
					"position": [0, -1.72143, -4.35]
				},
				"weiduan": {
					"rotation": {
						"0.0": [0, 13, 0],
						"0.4": [0, -11, 0],
						"0.8": [0, 13, 0]
					}
				},
				"jiushengquan": {
					"position": [0, 0.45714, 0],
					"scale": 1
				},
				"qianbu": {
					"rotation": {
						"0.0": [0, 5, 0],
						"0.1": [0, 2.57275, 0],
						"0.2": [0, -1.63454, 0],
						"0.3": [0, -5.57918, 0],
						"0.4": [0, -7.5, 0],
						"0.5": [0, -5.47759, 0],
						"0.6": [0, -1.54127, 0],
						"0.7": [0, 2.6137, 0],
						"0.8": [0, 5, 0]
					}
				},
				"houbu": {
					"rotation": {
						"0.0": [0, 5, 0],
						"0.1": [0, 3.36138, 0],
						"0.2": [0, -1.37045, 0],
						"0.3": [0, -5.7228, 0],
						"0.4": [0, -7.5, 0],
						"0.5": [0, -5.84388, 0],
						"0.6": [0, -1.55896, 0],
						"0.7": [0, 3.2481, 0],
						"0.8": [0, 5, 0]
					}
				}
			}
		},
		"sneak": {
			"loop": true,
			"bones": {
				"root": {
					"position": [0, -5.14286, 0]
				},
				"jiushengquan": {
					"scale": 0
				}
			}
		},
		"sneaking": {
			"loop": true,
			"bones": {
				"root": {
					"position": [0, -5.14286, 0]
				},
				"jiushengquan": {
					"scale": 0
				}
			}
		},
		"sleep": {
			"loop": true,
			"bones": {
				"root": {
					"rotation": [-90, 0, 0]
				},
				"jiushengquan": {
					"rotation": [44.75, 0, 0],
					"position": [0, 1.7, 0.775]
				}
			}
		},
		"boat": {
			"loop": true,
			"bones": {
				"root": {
					"position": [0, -2.17143, 0]
				},
				"jiushengquan": {
					"scale": 0
				}
			}
		},
		"sit": {
			"loop": true,
			"bones": {
				"root": {
					"position": [0, -2.74286, 0]
				},
				"jiushengquan": {
					"scale": 0
				}
			}
		},
		"attacked": {
			"animation_length": 0.33333,
			"bones": {
				"root": {
					"rotation": {
						"0.0": [0, 0, 0],
						"0.3333": [0, 0, 90]
					}
				},
				"jiushengquan": {
					"rotation": [0, 0, 0],
					"scale": 0
				}
			}
		},
		"swim_stand": {
			"loop": true,
			"animation_length": 0.8,
			"bones": {
				"root": {
					"rotation": [-40.25, 0, 0],
					"position": [0, -1.72143, -4.35]
				},
				"weiduan": {
					"rotation": {
						"0.0": [0, 13, 0],
						"0.4": [0, -11, 0],
						"0.8": [0, 13, 0]
					}
				},
				"jiushengquan": {
					"position": [0, 0.45714, 0],
					"scale": 1
				},
				"qianbu": {
					"rotation": {
						"0.0": [0, 5, 0],
						"0.1": [0, 2.57275, 0],
						"0.2": [0, -1.63454, 0],
						"0.3": [0, -5.57918, 0],
						"0.4": [0, -7.5, 0],
						"0.5": [0, -5.47759, 0],
						"0.6": [0, -1.54127, 0],
						"0.7": [0, 2.6137, 0],
						"0.8": [0, 5, 0]
					}
				},
				"houbu": {
					"rotation": {
						"0.0": [0, 5, 0],
						"0.1": [0, 3.36138, 0],
						"0.2": [0, -1.37045, 0],
						"0.3": [0, -5.7228, 0],
						"0.4": [0, -7.5, 0],
						"0.5": [0, -5.84388, 0],
						"0.6": [0, -1.55896, 0],
						"0.7": [0, 3.2481, 0],
						"0.8": [0, 5, 0]
					}
				}
			}
		},
		"jump": {
			"loop": true,
			"animation_length": 0.8,
			"bones": {
				"weiduan": {
					"rotation": {
						"0.0": [0, 13, 0],
						"0.4": [0, -11, 0],
						"0.8": [0, 13, 0]
					}
				},
				"jiushengquan": {
					"position": [0, 0.45714, 0],
					"scale": 0
				},
				"qianbu": {
					"rotation": {
						"0.0": [0, 5, 0],
						"0.1": [0, 2.57275, 0],
						"0.2": [0, -1.63454, 0],
						"0.3": [0, -5.57918, 0],
						"0.4": [0, -7.5, 0],
						"0.5": [0, -5.47759, 0],
						"0.6": [0, -1.54127, 0],
						"0.7": [0, 2.6137, 0],
						"0.8": [0, 5, 0]
					}
				},
				"houbu": {
					"rotation": {
						"0.0": [0, 5, 0],
						"0.1": [0, 3.36138, 0],
						"0.2": [0, -1.37045, 0],
						"0.3": [0, -5.7228, 0],
						"0.4": [0, -7.5, 0],
						"0.5": [0, -5.84388, 0],
						"0.6": [0, -1.55896, 0],
						"0.7": [0, 3.2481, 0],
						"0.8": [0, 5, 0]
					}
				}
			}
		},
		"fly": {
			"loop": true,
			"animation_length": 0.8,
			"bones": {
				"weiduan": {
					"rotation": {
						"0.0": [0, 13, 0],
						"0.4": [0, -11, 0],