{
	"format_version": "1.8.0",
	"animations": {
		"extra1": {
			"loop": true,
			"animation_length": 0.5,
			"bones": {
				"RightArm": {
					"rotation": {
						"0.0": [0, 0, 85],
						"0.125": [0, 0, 132.5],
						"0.25": [0, 0, 85],
						"0.375": [0, 0, 132.5],
						"0.5": [0, 0, 85]
					}
				},
				"RightLeg": {
					"rotation": [0, 0, 20]
				},
				"LeftLeg": {
					"rotation": [0, 0, -12.5]
				},
				"LeftArm": {
					"rotation": {
						"0.0": [0, 0, -70],
						"0.125": [0, 0, -135],
						"0.25": [0, 0, -70],
						"0.375": [0, 0, -135],
						"0.5": [0, 0, -70]
					}
				},
				"Shetou": {
					"rotation": {
						"0.0": [-2.31909, -2.22098, -8.90909],
						"0.0833": [-2.31909, -2.22098, 8.9091],
						"0.1667": [-2.31909, -2.22098, -8.90909],
						"0.25": [-2.31909, -2.22098, 8.9091],
						"0.3333": [-2.31909, -2.22098, -8.90909],
						"0.4167": [-2.31909, -2.22098, 8.9091],
						"0.5": [-2.31909, -2.22098, -8.90909]
					},
					"position": {
						"0.0": [0, 0, -0.275],
						"0.0833": [0, 0, -0.275],
						"0.1667": [0, 0, -0.275],
						"0.25": [0, 0, -0.275],
						"0.3333": [0, 0, -0.275],
						"0.4167": [0, 0, -0.275],
						"0.5": [0, 0, -0.275]
					},
					"scale": {
						"0.0": [0.7, 0.7, 1],
						"0.0833": [0.7, 0.7, 1],
						"0.1667": [0.7, 0.7, 1],
						"0.25": [0.7, 0.7, 1],
						"0.3333": [0.7, 0.7, 1],
						"0.4167": [0.7, 0.7, 1],
						"0.5": [0.7, 0.7, 1]
					}
				}
			}
		}
	}
}